./checked_result/53_佐々倉_及川_20200923.csv, 00:40:00.000
./checked_result/40_赤堀_和田_三山_20200917.csv, 00:40:00.000
./checked_result/61_小山_20200924.csv, 00:40:00.000
./checked_result/58_三上_工藤_20200924.csv, 00:40:00.000
./checked_result/0915_37_林_20200820_edited.csv, 00:40:00.000
./checked_result/46_吉田_20200915.csv, 00:40:00.000
./checked_result/0915_33_島田_20200820.csv, 00:40:00.000
./checked_result/32_竹内_20200915.csv, 00:40:00.000
./checked_result/65_亀井_20200918.csv, 00:40:00.000
./checked_result/0915_34_境野_20200817_edited.csv, 00:40:00.000
./checked_result/65_飯田_20200918.csv, 00:40:00.000
./checked_result/64_山本_20200924.csv, 00:40:00.000
./checked_result/54_及川_20200923.csv, 00:40:00.000
./checked_result/0915_42_松田_20200820_edited.csv, 00:40:00.000
./checked_result/59_稲葉_20200924.csv, 00:40:00.000
./checked_result/62_梶田_小島_20200923.csv, 00:40:00.000
./checked_result/60_三角_高岡_20200924.csv, 00:40:00.000
./checked_result/55_吉羽_大津谷_20200924.csv, 00:40:00.000
./checked_result/0915_41_川田_20200819_edited.csv, 00:40:00.000
./checked_result/43_宮川_後藤_20200915.csv, 00:40:00.000
./checked_result/57_及川_20200924.csv, 00:40:00.000
./checked_result/63_飛岡_20200918.csv, 00:40:00.000